# week	slug	arxiv_id
w01-intro	attention-is-all-you-need-vaswani-2017	1706.03762
w01-intro	scaling-laws-kaplan-2020	2001.08361
w01-intro	emergent-abilities-wei-2022	2206.07682
w01-intro	rope-su-2021	2104.09864
w01-intro	nope-kazemnejad-2023	2305.19466
w01-intro	yarn-peng-2023	2309.00071
w02-tokenizers-optimizers	nucleus-sampling-holtzman-2019	1904.09751
w02-tokenizers-optimizers	adamw-loshchilov-2017	1711.05101
w02-tokenizers-optimizers	why-weight-decay-dangelo-2023	2310.04415
w04-fast-ii	flashattention-2-dao-2023	2307.08691
w05-scaling-laws	deep-learning-scaling-predictable-hestness-2017	1712.00409
w05-scaling-laws	data-constrained-lms-muennighoff-2023	2305.16264
w05-scaling-laws	scaling-laws-vs-architectures-tay-2022	2207.10551
w05-scaling-laws	chinchilla-hoffmann-2022	2203.15556
w05-scaling-laws	dclm-li-2024	2406.11794
w06-sft-rlhf	t0-sanh-2021	2110.08207
w06-sft-rlhf	flan-chung-2022	2210.11416
w06-sft-rlhf	self-instruct-wang-2022	2212.10560
w06-sft-rlhf	how-far-can-camels-go-wang-2023	2306.04751
w06-sft-rlhf	instructgpt-ouyang-2022	2203.02155
w06-sft-rlhf	dpo-rafailov-2023	2305.18290
w06-sft-rlhf	a-long-way-to-go-singhal-2024	2310.03716
w06-sft-rlhf	openthoughts-2025	2506.04178
w07-grpo-rlvr	star-zelikman-2022	2203.14465
w07-grpo-rlvr	deepseek-r1-2025	2501.12948
w07-grpo-rlvr	likelihood-displacement-dpo-razin-2024	2410.08847
w07-grpo-rlvr	dr-grpo-liu-2025	2503.20783
w07-grpo-rlvr	dapo-yu-2025	2503.14476
w09-safety	ignore-previous-prompt-perez-2022	2211.09527
w09-safety	gcg-zou-2023	2307.15043
w09-safety	do-anything-now-shen-2024	2308.03825
w09-safety	jailbreakbench-chao-2024	2404.01318
w09-safety	crescendo-russinovich-2024	2404.01833
w09-safety	instruction-hierarchy-wallace-2024	2404.13208
w09-safety	deliberative-alignment-guan-2024	2412.16339
w09-safety	constitutional-classifiers-2025	2501.18837
w09-safety	reasoning-models-dont-say-what-they-think-chen-2025	2505.05410
w09-safety	cot-monitorability-korbak-2025	2507.11473
w10-agents	data-recombination-jia-2016	1606.03622
w10-agents	humaneval-chen-2021	2107.03374
w10-agents	react-yao-2022	2210.03629
w10-agents	pal-gao-2022	2211.10435
w10-agents	satlm-ye-2023	2305.09656
w10-agents	expertqa-malaviya-2023	2309.07852
w10-agents	skyrl-agent-cao-2025	2511.16108
w10-agents	dr-tulu-shao-2025	2511.19399
